strategy,budget,households_selected,weighted_selected,weighted_poor_selected,coverage,severe_poor_coverage,precision,inclusion_error,exclusion_error
Geographic Targeting,0.05,151,28440.71975247765,12118.820082858478,0.0798633682153578,0.0787152128561203,0.4261080657708295,0.5738919342291704,0.9201366317846422
Logistic Targeting,0.05,151,32851.77069614969,25694.03277637604,0.1693244050598349,0.3402588138796979,0.7821201789706709,0.2178798210293291,0.8306755949401651
Random Forest Targeting,0.05,151,31652.13146703577,24004.5782106437,0.1581908515336922,0.2837923336053349,0.7583874165202226,0.2416125834797775,0.8418091484663078
Random Targeting,0.05,151,33012.98050239121,7636.933495092474,0.0503276084292613,0.0501915698196359,0.2313694245932568,0.7686305754067432,0.9496723915707388
Rule-Based Targeting,0.05,151,30761.79206627545,15301.521849260029,0.100837463164529,0.1824410609839755,0.4974197152198841,0.5025802847801158,0.899162536835471
Geographic Targeting,0.1,301,57818.56818777812,23058.23591902507,0.1519544289796346,0.1536890667365771,0.3988033021526672,0.6011966978473328,0.8480455710203654
Logistic Targeting,0.1,301,64803.89979126296,44709.48749250045,0.2946367911991713,0.5355491615834154,0.6899197060132529,0.3100802939867471,0.7053632088008286
Random Forest Targeting,0.1,301,63341.21081085974,43795.124811179856,0.2886111151843935,0.489077819480443,0.6914159715379369,0.308584028462063,0.7113888848156065
Random Targeting,0.1,301,65856.79508342926,15125.684356949956,0.0996786891008487,0.0996204418426886,0.229736664429429,0.7702633355705709,0.9003213108991512
Rule-Based Targeting,0.1,301,62864.91755632618,30306.81707126561,0.1997227844500745,0.312372078626453,0.482094278483879,0.517905721516121,0.8002772155499255
Geographic Targeting,0.2,602,124774.50229842131,48549.20316600858,0.3199406264388253,0.4137825429780536,0.389095546539582,0.6109044534604181,0.6800593735611746
Logistic Targeting,0.2,602,129018.70788366922,77114.04164587824,0.508183722543274,0.7896312625819438,0.5976965892063402,0.40230341079366,0.4918162774567259
Random Forest Targeting,0.2,602,126891.64248790736,76283.27127723736,0.5027089222409723,0.7463131383193274,0.6011686016634791,0.3988313983365209,0.4972910777590277
Random Targeting,0.2,602,131728.7320670463,30336.76301115421,0.1999201290436509,0.1991286402662009,0.2303155392109019,0.769684460789098,0.800079870956349
Rule-Based Targeting,0.2,602,126075.36047326564,56836.19361902311,0.3745521286660412,0.4866247328977285,0.4508112719699521,0.5491887280300478,0.6254478713339588
